Servidor,Metodo,Media,DesvioPadrao,Min,Max,N
Sequencial,GET,0.000373,0.000060,0.000322,0.000661,30
Sequencial,POST,0.000362,0.000036,0.000309,0.000478,30
Sequencial,PUT,0.000365,0.000054,0.000259,0.000550,30
Sequencial,DELETE,0.000341,0.000034,0.000293,0.000454,30
Concorrente,GET,0.000491,0.000065,0.000409,0.000766,30
Concorrente,POST,0.000498,0.000057,0.000414,0.000701,30
Concorrente,PUT,0.000515,0.000054,0.000430,0.000649,30
Concorrente,DELETE,0.000505,0.000070,0.000390,0.000701,30
