Servidor,Metodo,Media,Desvio,Min,Max
Sequencial,GET,0.001479339599609375,0.0013739241910842334,0.00041675567626953125,0.004337310791015625
Sequencial,POST,0.0017253637313842773,0.003294758372491025,0.0002830028533935547,0.010966062545776367
Sequencial,PUT,0.0006966829299926758,0.0009526514783695898,0.0002989768981933594,0.003398895263671875
Concorrente,GET,0.0024749040603637695,0.001795921216967372,0.0009160041809082031,0.0057027339935302734
Concorrente,POST,0.002705883979797363,0.002797152154546419,0.0009284019470214844,0.009891271591186523
Concorrente,PUT,0.003067493438720703,0.003973070052487068,0.0008578300476074219,0.011223554611206055
