Servidor,Metodo,Media,DesvioPadrao,Min,Max,N
Sequencial,GET,0.000369,0.000053,0.000312,0.000605,30
Sequencial,POST,0.000384,0.000075,0.000300,0.000586,30
Sequencial,PUT,0.000395,0.000065,0.000301,0.000638,30
Sequencial,DELETE,0.000364,0.000055,0.000301,0.000532,30
Concorrente,GET,0.000515,0.000067,0.000443,0.000810,30
Concorrente,POST,0.000562,0.000060,0.000449,0.000702,30
Concorrente,PUT,0.000621,0.000146,0.000455,0.001095,30
Concorrente,DELETE,0.000630,0.000125,0.000487,0.000960,30
