Servidor,Metodo,Media,DesvioPadrao,Min,Max,N,Throughput
Sequencial,GET,0.000448,0.000257,0.000323,0.001705,30,2234.13
Sequencial,POST,0.000424,0.000283,0.000272,0.001878,30,2359.80
Sequencial,PUT,0.000392,0.000123,0.000305,0.001018,30,2553.06
Sequencial,DELETE,0.000372,0.000073,0.000306,0.000661,30,2690.97
Concorrente,GET,0.004965,0.001153,0.002031,0.006809,30,201.39
Concorrente,POST,0.005531,0.001864,0.002557,0.010000,30,180.80
Concorrente,PUT,0.006051,0.002269,0.001743,0.010338,30,165.25
Concorrente,DELETE,0.005244,0.002245,0.002124,0.012528,30,190.69
