Servidor,Metodo,Media,Desvio,Minimo,Maximo
Sequencial,GET,0.00030183911323547366,0.0002635421045033846,0.00016069412231445312,0.006432056427001953
Sequencial,POST,0.00025868940353393553,0.0002096406965150853,0.0001373291015625,0.0037071704864501953
Sequencial,PUT,0.00026371455192565916,0.00011773329244494342,0.00014710426330566406,0.002275705337524414
Sequencial,DELETE,0.00023312783241271972,0.00012312827488857403,0.0001456737518310547,0.002930879592895508
Concorrente,GET,0.00038309288024902344,0.00016101392191873067,0.00027942657470703125,0.003437519073486328
Concorrente,POST,0.000373140811920166,0.00010513580057146763,0.0002777576446533203,0.002737760543823242
Concorrente,PUT,0.00036223626136779784,0.00013911398365694795,0.00025582313537597656,0.0034148693084716797
Concorrente,DELETE,0.00035742592811584473,5.171725434005193e-05,0.0002651214599609375,0.000789642333984375
