Servidor,Metodo,Media,DesvioPadrao,Min,Max,N,Throughput
Sequencial,GET,0.000403,0.000064,0.000308,0.000612,30,2478.53
Sequencial,POST,0.000416,0.000062,0.000322,0.000629,30,2403.01
Sequencial,PUT,0.000480,0.000164,0.000331,0.001196,30,2082.70
Sequencial,DELETE,0.000413,0.000074,0.000330,0.000699,30,2421.01
Concorrente,GET,0.004837,0.001674,0.001720,0.009287,30,206.75
Concorrente,POST,0.004910,0.001379,0.002405,0.008147,30,203.68
Concorrente,PUT,0.006033,0.002700,0.003171,0.015178,30,165.74
Concorrente,DELETE,0.008744,0.005845,0.002299,0.023845,30,114.36
