Servidor,Método,Média,Desvio,Min,Max
Sequencial,GET,0.001775836944580078,0.0025205671934530154,0.0002942085266113281,0.009387969970703125
Sequencial,POST,0.0013145208358764648,0.0018213128779915892,0.0002765655517578125,0.0076847076416015625
Sequencial,PUT,0.0024192015329996745,0.0031904227751364802,0.0003693103790283203,0.011313199996948242
Concorrente,GET,0.006698107719421387,0.008718329947647324,0.0007474422454833984,0.03154444694519043
Concorrente,POST,0.005076289176940918,0.004633646366151746,0.0009167194366455078,0.017409563064575195
Concorrente,PUT,0.004693913459777832,0.004457500693852177,0.0007960796356201172,0.0191497802734375
